unique_id,ds,y_true,y_pred_xgboost,y_pred_zero,y_pred_last
TOPIX1000_return,2021-01-04,-0.0054476491,-0.0008786842,0.0,-0.0079701906
TOPIX1000_return,2021-01-05,-0.0019037076,-0.0030354392,0.0,-0.0054476491
TOPIX1000_return,2021-01-06,0.0027035852,-0.000557711,0.0,-0.0019037076
TOPIX1000_return,2021-01-07,0.0169800251,-0.001512252,0.0,0.0027035852
TOPIX1000_return,2021-01-08,0.0157654541,0.002098618,0.0,0.0169800251
TOPIX1000_return,2021-01-12,0.0016194452,0.0022788614,0.0,0.0157654541
TOPIX1000_return,2021-01-13,0.0035414742,0.0008633227,0.0,0.0016194452
TOPIX1000_return,2021-01-14,0.0050379891,0.00028979895,0.0,0.0035414742
TOPIX1000_return,2021-01-15,-0.0087885307,0.0008872035,0.0,0.0050379891
TOPIX1000_return,2021-01-18,-0.0062516419,0.0007245476,0.0,-0.0087885307
TOPIX1000_return,2021-01-19,0.0059233848,-0.0010126992,0.0,-0.0062516419
TOPIX1000_return,2021-01-20,-0.0035314769,0.00088537124,0.0,0.0059233848
TOPIX1000_return,2021-01-21,0.0060371208,-0.0005440732,0.0,-0.0035314769
TOPIX1000_return,2021-01-22,-0.0020112479,-0.00024711358,0.0,0.0060371208
TOPIX1000_return,2021-01-25,0.0027130491,-4.8789123e-05,0.0,-0.0020112479
TOPIX1000_return,2021-01-26,-0.007597195,-6.481165e-05,0.0,0.0027130491
TOPIX1000_return,2021-01-27,0.0066406952,-0.0003672,0.0,-0.007597195
TOPIX1000_return,2021-01-28,-0.0117268573,0.0005803421,0.0,0.0066406952
TOPIX1000_return,2021-01-29,-0.0163312106,-0.0006430064,0.0,-0.0117268573
TOPIX1000_return,2021-02-01,0.011919664,-0.003700899,0.0,-0.0163312106
TOPIX1000_return,2021-02-02,0.0092342644,0.00025879347,0.0,0.011919664
TOPIX1000_return,2021-02-03,0.01319026,0.00096816523,0.0,0.0092342644
TOPIX1000_return,2021-02-04,-0.0034297504,0.00085719535,0.0,0.01319026
TOPIX1000_return,2021-02-05,0.0140442824,0.0008394935,0.0,-0.0034297504
TOPIX1000_return,2021-02-08,0.0175984925,0.00012421205,0.0,0.0140442824
TOPIX1000_return,2021-02-09,0.0008357496,0.0024636914,0.0,0.0175984925
TOPIX1000_return,2021-02-10,0.0028812627,-0.0017912769,0.0,0.0008357496
TOPIX1000_return,2021-02-12,0.0016299059,0.0003950664,0.0,0.0028812627
TOPIX1000_return,2021-02-15,0.0105513218,0.00030794024,0.0,0.0016299059
TOPIX1000_return,2021-02-16,0.0059651594,0.0025758473,0.0,0.0105513218
TOPIX1000_return,2021-02-17,-0.001999876,0.0009914902,0.0,0.0059651594
TOPIX1000_return,2021-02-18,-0.0098485825,0.00046558364,0.0,-0.001999876
TOPIX1000_return,2021-02-19,-0.0066518805,9.2683375e-05,0.0,-0.0098485825
TOPIX1000_return,2021-02-22,0.0047182826,-0.00025199703,0.0,-0.0066518805
TOPIX1000_return,2021-02-24,-0.0183287558,7.503061e-05,0.0,0.0047182826
TOPIX1000_return,2021-02-25,0.0126101386,-0.0005685118,0.0,-0.0183287558
TOPIX1000_return,2021-02-26,-0.0323977956,-0.0017750203,0.0,0.0126101386
TOPIX1000_return,2021-03-01,0.0204000335,0.00040838053,0.0,-0.0323977956
TOPIX1000_return,2021-03-02,-0.0040280764,-0.0031206396,0.0,0.0204000335
TOPIX1000_return,2021-03-03,0.0051740968,0.0029246185,0.0,-0.0040280764
TOPIX1000_return,2021-03-04,-0.0106188503,0.00058024493,0.0,0.0051740968
TOPIX1000_return,2021-03-05,0.0061728645,0.003311437,0.0,-0.0106188503
TOPIX1000_return,2021-03-08,-0.0015307352,-0.00042010372,0.0,0.0061728645
TOPIX1000_return,2021-03-09,0.0125744913,0.0010601172,0.0,-0.0015307352
TOPIX1000_return,2021-03-10,0.001204082,0.00051254284,0.0,0.0125744913
TOPIX1000_return,2021-03-11,0.0024172147,0.0007227446,0.0,0.001204082
TOPIX1000_return,2021-03-12,0.0139771372,0.00027252483,0.0,0.0024172147
TOPIX1000_return,2021-03-15,0.0088172716,0.0008511771,0.0,0.0139771372
TOPIX1000_return,2021-03-16,0.0063752206,0.003459053,0.0,0.0088172716
TOPIX1000_return,2021-03-17,0.0010499979,0.0016474159,0.0,0.0063752206
TOPIX1000_return,2021-03-18,0.0126141538,0.00075255823,0.0,0.0010499979
TOPIX1000_return,2021-03-19,0.0015443545,-2.264137e-05,0.0,0.0126141538
TOPIX1000_return,2021-03-22,-0.0112557487,0.0015686543,0.0,0.0015443545
TOPIX1000_return,2021-03-23,-0.0092228226,0.0025868108,0.0,-0.0112557487
TOPIX1000_return,2021-03-24,-0.0215991035,0.0010502009,0.0,-0.0092228226
TOPIX1000_return,2021-03-25,0.0138740509,0.0024100817,0.0,-0.0215991035
TOPIX1000_return,2021-03-26,0.0147250882,0.0010733819,0.0,0.0138740509
TOPIX1000_return,2021-03-29,0.004664205,0.0030123065,0.0,0.0147250882
TOPIX1000_return,2021-03-30,0.001044009,0.0012718368,0.0,0.004664205
TOPIX1000_return,2021-03-31,-0.0120871392,-0.0007183813,0.0,0.001044009
TOPIX1000_return,2021-04-01,0.0020378884,0.002259818,0.0,-0.0120871392
TOPIX1000_return,2021-04-02,0.0072241901,-0.0010895067,0.0,0.0020378884
TOPIX1000_return,2021-04-05,0.0060038314,0.0004516553,0.0,0.0072241901
TOPIX1000_return,2021-04-06,-0.0147429037,-0.00030793523,0.0,0.0060038314
TOPIX1000_return,2021-04-07,0.0064438182,-0.0012105963,0.0,-0.0147429037
TOPIX1000_return,2021-04-08,-0.0074895437,-0.0025759498,0.0,0.0064438182
TOPIX1000_return,2021-04-09,0.0038736443,0.0001232435,0.0,-0.0074895437
TOPIX1000_return,2021-04-12,-0.0027368609,-0.00043913536,0.0,0.0038736443
TOPIX1000_return,2021-04-13,0.0020022496,-0.00063115463,0.0,-0.0027368609
TOPIX1000_return,2021-04-14,-0.0032713273,0.0004803987,0.0,0.0020022496
TOPIX1000_return,2021-04-15,0.0035956017,-0.0009446074,0.0,-0.0032713273
TOPIX1000_return,2021-04-16,0.0008986012,-0.00033171347,0.0,0.0035956017
TOPIX1000_return,2021-04-19,-0.0023503867,0.0011675925,0.0,0.0008986012
TOPIX1000_return,2021-04-20,-0.0156144993,0.00043062837,0.0,-0.0023503867
TOPIX1000_return,2021-04-21,-0.0197581235,-0.0015969923,0.0,-0.0156144993
TOPIX1000_return,2021-04-22,0.0183832505,-0.003586802,0.0,-0.0197581235
TOPIX1000_return,2021-04-23,-0.0038987581,-0.0018651326,0.0,0.0183832505
TOPIX1000_return,2021-04-26,0.0017992251,-0.0005917937,0.0,-0.0038987581
TOPIX1000_return,2021-04-27,-0.0077194921,0.00048732664,0.0,0.0017992251
TOPIX1000_return,2021-04-28,0.0032388547,0.0024045429,0.0,-0.0077194921
TOPIX1000_return,2021-04-30,-0.005633763,0.0005196514,0.0,0.0032388547
TOPIX1000_return,2021-05-06,0.015560762,-0.0005654332,0.0,-0.005633763
TOPIX1000_return,2021-05-07,0.0026602076,0.0015768067,0.0,0.015560762
TOPIX1000_return,2021-05-10,0.0100732239,0.0005601074,0.0,0.0026602076
TOPIX1000_return,2021-05-11,-0.0239106929,0.00076926866,0.0,0.0100732239
TOPIX1000_return,2021-05-12,-0.0146677077,0.0018239493,0.0,-0.0239106929
TOPIX1000_return,2021-05-13,-0.015384801,-0.0034522812,0.0,-0.0146677077
TOPIX1000_return,2021-05-14,0.0187135055,-0.003159137,0.0,-0.015384801
TOPIX1000_return,2021-05-17,-0.0023819261,-0.00038244954,0.0,0.0187135055
TOPIX1000_return,2021-05-18,0.0153788019,0.0041741934,0.0,-0.0023819261
TOPIX1000_return,2021-05-19,-0.0066307744,0.002300007,0.0,0.0153788019
TOPIX1000_return,2021-05-20,0.0001394385,0.0012936626,0.0,-0.0066307744
TOPIX1000_return,2021-05-21,0.0047057816,0.0009718441,0.0,0.0001394385
TOPIX1000_return,2021-05-24,0.0044021636,0.00024000324,0.0,0.0047057816
TOPIX1000_return,2021-05-25,0.0037865282,-2.9149705e-05,0.0,0.0044021636
TOPIX1000_return,2021-05-26,0.0007591456,0.0002527804,0.0,0.0037865282
TOPIX1000_return,2021-05-27,-0.0048857175,-0.00038907875,0.0,0.0007591456
TOPIX1000_return,2021-05-28,0.0192281471,-0.0014093703,0.0,-0.0048857175
TOPIX1000_return,2021-05-31,-0.0120020699,0.00040629302,0.0,0.0192281471
TOPIX1000_return,2021-06-01,0.0015258825,-0.0034404285,0.0,-0.0120020699
TOPIX1000_return,2021-06-02,0.0085653465,-0.0024813358,0.0,0.0015258825
TOPIX1000_return,2021-06-03,0.008473227,-0.0011629809,0.0,0.0085653465
TOPIX1000_return,2021-06-04,0.0002695428,-0.0006859004,0.0,0.008473227
TOPIX1000_return,2021-06-07,0.0008546054,-0.0009733074,0.0,0.0002695428
TOPIX1000_return,2021-06-08,0.0007462181,-3.6840378e-05,0.0,0.0008546054
TOPIX1000_return,2021-06-09,-0.0028786824,0.00026626833,0.0,0.0007462181
TOPIX1000_return,2021-06-10,-0.0002890886,-0.00062559254,0.0,-0.0028786824
TOPIX1000_return,2021-06-11,-0.0012762519,0.00033498736,0.0,-0.0002890886
TOPIX1000_return,2021-06-14,0.0029417055,2.1173744e-05,0.0,-0.0012762519
TOPIX1000_return,2021-06-15,0.0082220007,0.00038104644,0.0,0.0029417055
TOPIX1000_return,2021-06-16,5.72295e-05,0.00054299814,0.0,0.0082220007
TOPIX1000_return,2021-06-17,-0.0063601241,0.0004652979,0.0,5.72295e-05
TOPIX1000_return,2021-06-18,-0.0086677267,-0.00027190574,0.0,-0.0063601241
TOPIX1000_return,2021-06-21,-0.0243855733,0.0014230231,0.0,-0.0086677267
TOPIX1000_return,2021-06-22,0.0319113399,0.009975669,0.0,-0.0243855733
TOPIX1000_return,2021-06-23,-0.0054704687,0.0006496324,0.0,0.0319113399
TOPIX1000_return,2021-06-24,-0.0009908996,-0.0013140284,0.0,-0.0054704687
TOPIX1000_return,2021-06-25,0.0080515331,-0.0032719139,0.0,-0.0009908996
TOPIX1000_return,2021-06-28,0.0013530364,-0.0014212487,0.0,0.0080515331
TOPIX1000_return,2021-06-29,-0.0071511813,0.00013829388,0.0,0.0013530364
TOPIX1000_return,2021-06-30,-0.0029731066,-0.00023228615,0.0,-0.0071511813
TOPIX1000_return,2021-07-01,-0.0021638106,-0.00077496044,0.0,-0.0029731066
TOPIX1000_return,2021-07-02,0.0086661226,-0.00017173501,0.0,-0.0021638106
TOPIX1000_return,2021-07-05,-0.0037332741,-0.00024899485,0.0,0.0086661226
TOPIX1000_return,2021-07-06,0.0027959361,7.768134e-06,0.0,-0.0037332741
TOPIX1000_return,2021-07-07,-0.0086460937,0.00023050797,0.0,0.0027959361
TOPIX1000_return,2021-07-08,-0.0088342728,-0.00069858134,0.0,-0.0086460937
TOPIX1000_return,2021-07-09,-0.0042582301,0.0006887213,0.0,-0.0088342728
TOPIX1000_return,2021-07-12,0.0214061652,0.00034467684,0.0,-0.0042582301
TOPIX1000_return,2021-07-13,0.0072123392,0.0005270195,0.0,0.0214061652
TOPIX1000_return,2021-07-14,-0.0023294419,0.00034780937,0.0,0.0072123392
TOPIX1000_return,2021-07-15,-0.0119545853,-0.0013514507,0.0,-0.0023294419
TOPIX1000_return,2021-07-16,-0.0039954137,0.00012664295,0.0,-0.0119545853
TOPIX1000_return,2021-07-19,-0.0129789034,0.0010853825,0.0,-0.0039954137
TOPIX1000_return,2021-07-20,-0.0096388802,0.0019159189,0.0,-0.0129789034
TOPIX1000_return,2021-07-21,0.0081278493,0.0007930396,0.0,-0.0096388802
TOPIX1000_return,2021-07-26,0.0110598964,0.0015305601,0.0,0.0081278493
TOPIX1000_return,2021-07-27,0.0064152633,0.0021317545,0.0,0.0110598964
TOPIX1000_return,2021-07-28,-0.0094954566,0.0007937404,0.0,0.0064152633
TOPIX1000_return,2021-07-29,0.0040664375,0.00026913267,0.0,-0.0094954566
TOPIX1000_return,2021-07-30,-0.0136680618,-0.0011827251,0.0,0.0040664375
TOPIX1000_return,2021-08-02,0.0206215014,0.003118998,0.0,-0.0136680618
TOPIX1000_return,2021-08-03,-0.0045439527,-0.0005988884,0.0,0.0206215014
TOPIX1000_return,2021-08-04,-0.0048966013,-0.00025087115,0.0,-0.0045439527
TOPIX1000_return,2021-08-05,0.004249692,0.00019876198,0.0,-0.0048966013
TOPIX1000_return,2021-08-06,0.0001484419,-0.00045319792,0.0,0.004249692
TOPIX1000_return,2021-08-10,0.0034223698,-0.0009353919,0.0,0.0001484419
TOPIX1000_return,2021-08-11,0.0092977316,0.0003542428,0.0,0.0034223698
TOPIX1000_return,2021-08-12,-0.0003626165,2.395664e-05,0.0,0.0092977316
TOPIX1000_return,2021-08-13,0.0014432742,-0.00026961399,0.0,-0.0003626165
TOPIX1000_return,2021-08-16,-0.0160419944,-0.0003535932,0.0,0.0014432742
TOPIX1000_return,2021-08-17,-0.0047152077,-0.0013243492,0.0,-0.0160419944
TOPIX1000_return,2021-08-18,0.0043165972,-0.0044353516,0.0,-0.0047152077
TOPIX1000_return,2021-08-19,-0.0139321874,-0.00050063926,0.0,0.0043165972
TOPIX1000_return,2021-08-20,-0.0087770229,0.0016956513,0.0,-0.0139321874
TOPIX1000_return,2021-08-23,0.0183387314,0.0021620844,0.0,-0.0087770229
TOPIX1000_return,2021-08-24,0.0097698851,0.0023029796,0.0,0.0183387314
TOPIX1000_return,2021-08-25,0.0008185429,-0.0015794518,0.0,0.0097698851
TOPIX1000_return,2021-08-26,-0.0003193126,-0.00088448497,0.0,0.0008185429
TOPIX1000_return,2021-08-27,-0.0035456269,0.0005758302,0.0,-0.0003193126
TOPIX1000_return,2021-08-30,0.0111399156,0.0014511201,0.0,-0.0035456269
TOPIX1000_return,2021-08-31,0.0055647032,3.8817536e-05,0.0,0.0111399156
TOPIX1000_return,2021-09-01,0.0104408633,0.00023940783,0.0,0.0055647032
TOPIX1000_return,2021-09-02,0.0014766508,0.0023086888,0.0,0.0104408633
TOPIX1000_return,2021-09-03,0.0162766691,0.000717367,0.0,0.0014766508
TOPIX1000_return,2021-09-06,0.0129010063,0.0012022601,0.0,0.0162766691
TOPIX1000_return,2021-09-07,0.0109867797,0.0009365847,0.0,0.0129010063
TOPIX1000_return,2021-09-08,0.0078146556,0.0030946082,0.0,0.0109867797
TOPIX1000_return,2021-09-09,-0.0072757407,-0.0007981819,0.0,0.0078146556
TOPIX1000_return,2021-09-10,0.0127564152,0.0008550282,0.0,-0.0072757407
TOPIX1000_return,2021-09-13,0.0027101999,-9.078797e-05,0.0,0.0127564152
TOPIX1000_return,2021-09-14,0.0100637608,0.0008243474,0.0,0.0027101999
TOPIX1000_return,2021-09-15,-0.010643143,0.0016205842,0.0,0.0100637608
TOPIX1000_return,2021-09-16,-0.0028845288,0.0009927208,0.0,-0.010643143
TOPIX1000_return,2021-09-17,0.0046205897,-0.0002691872,0.0,-0.0028845288
TOPIX1000_return,2021-09-21,-0.0168895645,0.00046423264,0.0,0.0046205897
TOPIX1000_return,2021-09-22,-0.0100726778,0.0022169922,0.0,-0.0168895645
TOPIX1000_return,2021-09-24,0.0229845187,-0.004238925,0.0,-0.0100726778
TOPIX1000_return,2021-09-27,-0.0012334374,0.0014688189,0.0,0.0229845187
TOPIX1000_return,2021-09-28,-0.0028272911,-0.003027852,0.0,-0.0012334374
TOPIX1000_return,2021-09-29,-0.0133185104,0.00038042443,0.0,-0.0028272911
TOPIX1000_return,2021-09-30,-0.0038975846,0.0013442484,0.0,-0.0133185104
TOPIX1000_return,2021-10-01,-0.0216935196,0.00018398384,0.0,-0.0038975846
TOPIX1000_return,2021-10-04,-0.00619518,-0.00057967636,0.0,-0.0216935196
TOPIX1000_return,2021-10-05,-0.0132141769,-0.009470359,0.0,-0.00619518
TOPIX1000_return,2021-10-06,-0.0030837529,0.0053358125,0.0,-0.0132141769
TOPIX1000_return,2021-10-07,-0.001105534,-0.0032023143,0.0,-0.0030837529
TOPIX1000_return,2021-10-08,0.0114150019,-0.00439539,0.0,-0.001105534
TOPIX1000_return,2021-10-11,0.0178253459,-0.0014506887,0.0,0.0114150019
TOPIX1000_return,2021-10-12,-0.0067917001,-0.0018783612,0.0,0.0178253459
TOPIX1000_return,2021-10-13,-0.004337511,-0.0022132813,0.0,-0.0067917001
TOPIX1000_return,2021-10-14,0.0068906615,-0.0034542226,0.0,-0.004337511
TOPIX1000_return,2021-10-15,0.0185517197,-0.0010375682,0.0,0.0068906615
TOPIX1000_return,2021-10-18,-0.0025450172,0.0022055795,0.0,0.0185517197
TOPIX1000_return,2021-10-19,0.0036105762,-0.0014187786,0.0,-0.0025450172
TOPIX1000_return,2021-10-20,0.000749036,0.0012447014,0.0,0.0036105762
TOPIX1000_return,2021-10-21,-0.0133398226,-0.0010616629,0.0,0.000749036
TOPIX1000_return,2021-10-22,0.0007212257,0.004264891,0.0,-0.0133398226
TOPIX1000_return,2021-10-25,-0.0034280209,-0.0016926045,0.0,0.0007212257
TOPIX1000_return,2021-10-26,0.0115672881,0.00034853898,0.0,-0.0034280209
TOPIX1000_return,2021-10-27,-0.0022040878,-0.00012181021,0.0,0.0115672881
TOPIX1000_return,2021-10-28,-0.0072725687,-0.00061747397,0.0,-0.0022040878
TOPIX1000_return,2021-10-29,0.0008600341,1.008837e-05,0.0,-0.0072725687
TOPIX1000_return,2021-11-01,0.0219252132,-0.0019640618,0.0,0.0008600341
TOPIX1000_return,2021-11-02,-0.0063582149,0.001377726,0.0,0.0219252132
TOPIX1000_return,2021-11-04,0.0117453922,-0.00067813764,0.0,-0.0063582149
TOPIX1000_return,2021-11-05,-0.0066555375,-1.667046e-05,0.0,0.0117453922
TOPIX1000_return,2021-11-08,-0.002998583,0.00020339966,0.0,-0.0066555375
TOPIX1000_return,2021-11-09,-0.0080496857,0.001220571,0.0,-0.002998583
TOPIX1000_return,2021-11-10,-0.0054605765,-0.0006522582,0.0,-0.0080496857
TOPIX1000_return,2021-11-11,0.0034320641,-0.0017154905,0.0,-0.0054605765
TOPIX1000_return,2021-11-12,0.0131063009,-0.0001241785,0.0,0.0034320641
TOPIX1000_return,2021-11-15,0.0039985646,0.00012856691,0.0,0.0131063009
TOPIX1000_return,2021-11-16,0.0011269558,5.1300158e-05,0.0,0.0039985646
TOPIX1000_return,2021-11-17,-0.0059162328,0.00027823373,0.0,0.0011269558
TOPIX1000_return,2021-11-18,-0.0013192854,-0.00071008253,0.0,-0.0059162328
TOPIX1000_return,2021-11-19,0.0045171825,0.00027786318,0.0,-0.0013192854
TOPIX1000_return,2021-11-22,-0.0008766886,0.00027354382,0.0,0.0045171825
TOPIX1000_return,2021-11-24,-0.0117035819,-0.00026195048,0.0,-0.0008766886
TOPIX1000_return,2021-11-25,0.003407262,-0.00018540466,0.0,-0.0117035819
TOPIX1000_return,2021-11-26,-0.0202193366,0.0006261308,0.0,0.003407262
TOPIX1000_return,2021-11-29,-0.0181943012,0.0021698284,0.0,-0.0202193366
TOPIX1000_return,2021-11-30,-0.0102334928,-0.008571083,0.0,-0.0181943012
TOPIX1000_return,2021-12-01,0.0043254449,-0.004862682,0.0,-0.0102334928
TOPIX1000_return,2021-12-02,-0.0053016339,0.0026406408,0.0,0.0043254449
TOPIX1000_return,2021-12-03,0.0161098378,-0.0025862087,0.0,-0.0053016339
TOPIX1000_return,2021-12-06,-0.0053179085,0.0016730529,0.0,0.0161098378
TOPIX1000_return,2021-12-07,0.021458152,-0.0005035416,0.0,-0.0053179085
TOPIX1000_return,2021-12-08,0.0063152554,0.0006296317,0.0,0.021458152
TOPIX1000_return,2021-12-09,-0.0058578155,0.001422424,0.0,0.0063152554
TOPIX1000_return,2021-12-10,-0.0076825122,0.000392841,0.0,-0.0058578155
TOPIX1000_return,2021-12-13,0.0014673923,0.00066660583,0.0,-0.0076825122
TOPIX1000_return,2021-12-14,-0.0021375133,-0.0001167335,0.0,0.0014673923
TOPIX1000_return,2021-12-15,0.0052644546,8.83888e-05,0.0,-0.0021375133
TOPIX1000_return,2021-12-16,0.0147733182,-0.00034720614,0.0,0.0052644546
TOPIX1000_return,2021-12-17,-0.0143318944,0.00064952415,0.0,0.0147733182
TOPIX1000_return,2021-12-20,-0.0215940905,-0.0014262391,0.0,-0.0143318944
TOPIX1000_return,2021-12-21,0.0148420398,-0.011093571,0.0,-0.0215940905
TOPIX1000_return,2021-12-22,0.0007809444,0.0004321264,0.0,0.0148420398
TOPIX1000_return,2021-12-23,0.0092234525,0.0018010197,0.0,0.0007809444
TOPIX1000_return,2021-12-24,-0.0014038214,0.0013726538,0.0,0.0092234525
TOPIX1000_return,2021-12-27,-0.0045064516,0.0005840905,0.0,-0.0014038214
TOPIX1000_return,2021-12-28,0.0136938585,0.0005879699,0.0,-0.0045064516
TOPIX1000_return,2021-12-29,-0.0022160892,0.00030263828,0.0,0.0136938585
TOPIX1000_return,2021-12-30,-0.0033669782,0.00034543453,0.0,-0.0022160892
TOPIX1000_return,2022-01-04,0.0194274403,0.00041904434,0.0,-0.0033669782
TOPIX1000_return,2022-01-05,0.0047541524,0.0009641251,0.0,0.0194274403
TOPIX1000_return,2022-01-06,-0.0207184935,-0.003015774,0.0,0.0047541524
TOPIX1000_return,2022-01-07,-0.0005862387,0.0021841195,0.0,-0.0207184935
TOPIX1000_return,2022-01-11,-0.0045058881,-0.0047565107,0.0,-0.0005862387
TOPIX1000_return,2022-01-12,0.0163598253,-0.0019415485,0.0,-0.0045058881
TOPIX1000_return,2022-01-13,-0.0067060059,0.00079999445,0.0,0.0163598253
TOPIX1000_return,2022-01-14,-0.0141232175,0.0017111319,0.0,-0.0067060059
TOPIX1000_return,2022-01-17,0.0048757872,0.00016223046,0.0,-0.0141232175
TOPIX1000_return,2022-01-18,-0.004109155,0.00032677432,0.0,0.0048757872
TOPIX1000_return,2022-01-19,-0.0296885326,-0.0011653946,0.0,-0.004109155
TOPIX1000_return,2022-01-20,0.0099025661,-0.0034299411,0.0,-0.0296885326
TOPIX1000_return,2022-01-21,-0.0061024996,0.00390747,0.0,0.0099025661
TOPIX1000_return,2022-01-24,0.0011220558,-0.0012656561,0.0,-0.0061024996
TOPIX1000_return,2022-01-25,-0.0172320884,0.001533748,0.0,0.0011220558
TOPIX1000_return,2022-01-26,-0.0025245081,0.0031415955,0.0,-0.0172320884
TOPIX1000_return,2022-01-27,-0.0260584381,-0.003411584,0.0,-0.0025245081
TOPIX1000_return,2022-01-28,0.0187451166,0.0016031616,0.0,-0.0260584381
TOPIX1000_return,2022-01-31,0.0100006751,-0.00026642747,0.0,0.0187451166
TOPIX1000_return,2022-02-01,0.0001141232,0.0028924493,0.0,0.0100006751
TOPIX1000_return,2022-02-02,0.0212722823,-0.000148762,0.0,0.0001141232
TOPIX1000_return,2022-02-03,-0.0085889855,-0.0035572774,0.0,0.0212722823
TOPIX1000_return,2022-02-04,0.0054893435,-0.0029883005,0.0,-0.0085889855
TOPIX1000_return,2022-02-07,-0.0022795467,-0.00027278299,0.0,0.0054893435
TOPIX1000_return,2022-02-08,0.0042520397,-0.00020286726,0.0,-0.0022795467
TOPIX1000_return,2022-02-09,0.0093742646,0.0014871638,0.0,0.0042520397
TOPIX1000_return,2022-02-10,0.005298749,0.00078576826,0.0,0.0093742646
TOPIX1000_return,2022-02-14,-0.0163939653,0.0011979123,0.0,0.005298749
TOPIX1000_return,2022-02-15,-0.0084108933,2.4173358e-05,0.0,-0.0163939653
TOPIX1000_return,2022-02-16,0.0167968932,-0.0010646922,0.0,-0.0084108933
TOPIX1000_return,2022-02-17,-0.0078822447,0.0012235842,0.0,0.0167968932
TOPIX1000_return,2022-02-18,-0.0036461599,0.0010219245,0.0,-0.0078822447
TOPIX1000_return,2022-02-21,-0.0071133184,0.0010646349,0.0,-0.0036461599
TOPIX1000_return,2022-02-22,-0.0155937041,0.00026170228,0.0,-0.0071133184
TOPIX1000_return,2022-02-24,-0.0128899196,0.00020166373,0.0,-0.0155937041
TOPIX1000_return,2022-02-25,0.0104265018,-0.0031885405,0.0,-0.0128899196
TOPIX1000_return,2022-02-28,0.0054875137,0.0020377634,0.0,0.0104265018
TOPIX1000_return,2022-03-01,0.0055563946,0.0010001132,0.0,0.0054875137
TOPIX1000_return,2022-03-02,-0.0196762433,0.0010074096,0.0,0.0055563946
TOPIX1000_return,2022-03-03,0.0119191444,-0.0013141254,0.0,-0.0196762433
TOPIX1000_return,2022-03-04,-0.0197515781,-0.0030317728,0.0,0.0119191444
TOPIX1000_return,2022-03-07,-0.0278219693,0.00049405603,0.0,-0.0197515781
TOPIX1000_return,2022-03-08,-0.0190579602,-6.564206e-05,0.0,-0.0278219693
TOPIX1000_return,2022-03-09,-0.0004749545,0.0005107808,0.0,-0.0190579602
TOPIX1000_return,2022-03-10,0.0404829857,-0.007814457,0.0,-0.0004749545
TOPIX1000_return,2022-03-11,-0.0168175516,0.0043080207,0.0,0.0404829857
TOPIX1000_return,2022-03-14,0.0071382354,-0.0009902316,0.0,-0.0168175516
TOPIX1000_return,2022-03-15,0.0078001952,-0.006184124,0.0,0.0071382354
TOPIX1000_return,2022-03-16,0.0149685944,-0.006954858,0.0,0.0078001952
TOPIX1000_return,2022-03-17,0.0250107499,-0.004272035,0.0,0.0149685944
TOPIX1000_return,2022-03-18,0.0053537111,0.006910784,0.0,0.0250107499
TOPIX1000_return,2022-03-22,0.0133034706,0.00076994015,0.0,0.0053537111
TOPIX1000_return,2022-03-23,0.0235006584,-0.000106353335,0.0,0.0133034706
TOPIX1000_return,2022-03-24,0.0014691711,0.008115614,0.0,0.0235006584
TOPIX1000_return,2022-03-25,1.50843e-05,0.0014755985,0.0,0.0014691711
TOPIX1000_return,2022-03-28,-0.0041038884,0.0016535755,0.0,1.50843e-05
TOPIX1000_return,2022-03-29,0.0093597023,0.001312995,0.0,-0.0041038884
TOPIX1000_return,2022-03-30,-0.0012311492,0.00260654,0.0,0.0093597023
TOPIX1000_return,2022-03-31,-0.0107642905,0.0016439388,0.0,-0.0012311492
TOPIX1000_return,2022-04-01,-0.0011741557,0.003945234,0.0,-0.0107642905
TOPIX1000_return,2022-04-04,0.0047512874,0.00081658433,0.0,-0.0011741557
TOPIX1000_return,2022-04-05,-0.0024644206,0.00034609088,0.0,0.0047512874
TOPIX1000_return,2022-04-06,-0.0134950703,0.001614655,0.0,-0.0024644206
TOPIX1000_return,2022-04-07,-0.0155436023,0.007138993,0.0,-0.0134950703
TOPIX1000_return,2022-04-08,0.0020998216,-0.001824205,0.0,-0.0155436023
TOPIX1000_return,2022-04-11,-0.003627044,-0.002089902,0.0,0.0020998216
TOPIX1000_return,2022-04-12,-0.0138194873,-0.0023153191,0.0,-0.003627044
TOPIX1000_return,2022-04-13,0.0141950915,-0.004149216,0.0,-0.0138194873
TOPIX1000_return,2022-04-14,0.009553345,0.0015047418,0.0,0.0141950915
TOPIX1000_return,2022-04-15,-0.006097396,-0.0003599868,0.0,0.009553345
TOPIX1000_return,2022-04-18,-0.0086034577,-0.00073440786,0.0,-0.006097396
TOPIX1000_return,2022-04-19,0.0083840112,-0.00021686133,0.0,-0.0086034577
TOPIX1000_return,2022-04-20,0.0104104283,-0.0004395838,0.0,0.0083840112
TOPIX1000_return,2022-04-21,0.0067584856,-4.163729e-05,0.0,0.0104104283
TOPIX1000_return,2022-04-22,-0.0118511038,0.0009652953,0.0,0.0067584856
TOPIX1000_return,2022-04-25,-0.0151347299,-0.0004669021,0.0,-0.0118511038
TOPIX1000_return,2022-04-26,0.0009467449,-0.004836608,0.0,-0.0151347299
TOPIX1000_return,2022-04-27,-0.0094502916,-0.003934974,0.0,0.0009467449
TOPIX1000_return,2022-04-28,0.0208676704,0.0025681912,0.0,-0.0094502916
TOPIX1000_return,2022-05-02,-0.0007490288,0.00053870666,0.0,0.0208676704
TOPIX1000_return,2022-05-06,0.0093291361,0.000687678,0.0,-0.0007490288
TOPIX1000_return,2022-05-09,-0.0196170474,0.0006503695,0.0,0.0093291361
TOPIX1000_return,2022-05-10,-0.0085643577,0.0005054818,0.0,-0.0196170474
TOPIX1000_return,2022-05-11,-0.0060333497,-0.0041515636,0.0,-0.0085643577
TOPIX1000_return,2022-05-12,-0.0116977998,-0.0023428542,0.0,-0.0060333497
TOPIX1000_return,2022-05-13,0.0190380229,0.004984984,0.0,-0.0116977998
TOPIX1000_return,2022-05-16,-0.0003322405,0.00266701,0.0,0.0190380229
TOPIX1000_return,2022-05-17,0.0017683711,-8.5759246e-05,0.0,-0.0003322405
TOPIX1000_return,2022-05-18,0.0097423999,0.00043492467,0.0,0.0017683711
TOPIX1000_return,2022-05-19,-0.0132347505,-0.0019868198,0.0,0.0097423999
TOPIX1000_return,2022-05-20,0.009302233,0.0018269172,0.0,-0.0132347505
TOPIX1000_return,2022-05-23,0.009071242,-0.0018255188,0.0,0.009302233
TOPIX1000_return,2022-05-24,-0.0084176642,-0.00044534972,0.0,0.009071242
TOPIX1000_return,2022-05-25,-0.0007849324,-0.00049075246,0.0,-0.0084176642
TOPIX1000_return,2022-05-26,0.0004556184,-0.0016126115,0.0,-0.0007849324
TOPIX1000_return,2022-05-27,0.0051351511,-0.00039731344,0.0,0.0004556184
TOPIX1000_return,2022-05-30,0.018697578,-0.00031750958,0.0,0.0051351511
TOPIX1000_return,2022-05-31,-0.0042636784,0.00045256928,0.0,0.018697578
TOPIX1000_return,2022-06-01,0.0136043019,-0.0006263728,0.0,-0.0042636784
TOPIX1000_return,2022-06-02,-0.0063480363,0.0006057534,0.0,0.0136043019
TOPIX1000_return,2022-06-03,0.0035364733,0.0010059936,0.0,-0.0063480363
TOPIX1000_return,2022-06-06,0.0030554507,0.0012267346,0.0,0.0035364733
TOPIX1000_return,2022-06-07,0.0041322964,0.0002526837,0.0,0.0030554507
TOPIX1000_return,2022-06-08,0.0118279338,6.927684e-05,0.0,0.0041322964
TOPIX1000_return,2022-06-09,-0.000486015,0.00068505004,0.0,0.0118279338
TOPIX1000_return,2022-06-10,-0.0130978562,0.000644119,0.0,-0.000486015
TOPIX1000_return,2022-06-13,-0.0219577443,0.003780755,0.0,-0.0130978562
TOPIX1000_return,2022-06-14,-0.0120778371,0.0033279322,0.0,-0.0219577443
TOPIX1000_return,2022-06-15,-0.0119352911,0.002465371,0.0,-0.0120778371
TOPIX1000_return,2022-06-16,0.006434764,-0.00025934563,0.0,-0.0119352911
TOPIX1000_return,2022-06-17,-0.0172637905,-0.002792431,0.0,0.006434764
TOPIX1000_return,2022-06-20,-0.0091187185,-0.0038975715,0.0,-0.0172637905
TOPIX1000_return,2022-06-21,0.0204911142,-0.0018468453,0.0,-0.0091187185
TOPIX1000_return,2022-06-22,-0.0018257014,0.0013189076,0.0,0.0204911142
TOPIX1000_return,2022-06-23,-0.0005925952,-0.004326144,0.0,-0.0018257014
TOPIX1000_return,2022-06-24,0.0080410447,0.0009200232,0.0,-0.0005925952
TOPIX1000_return,2022-06-27,0.0112607402,-0.0011849505,0.0,0.0080410447
TOPIX1000_return,2022-06-28,0.0105692934,-0.0011433489,0.0,0.0112607402
TOPIX1000_return,2022-06-29,-0.0060675112,-0.00034125766,0.0,0.0105692934
TOPIX1000_return,2022-06-30,-0.0120808707,-0.0011788256,0.0,-0.0060675112
TOPIX1000_return,2022-07-01,-0.0138609188,0.00036367256,0.0,-0.0120808707
TOPIX1000_return,2022-07-04,0.0134694236,-0.0038682437,0.0,-0.0138609188
TOPIX1000_return,2022-07-05,0.0051044303,-0.00079283287,0.0,0.0134694236
TOPIX1000_return,2022-07-06,-0.0124789146,0.0022078566,0.0,0.0051044303
TOPIX1000_return,2022-07-07,0.0144407079,0.0009542014,0.0,-0.0124789146
TOPIX1000_return,2022-07-08,0.0028063476,0.0002987936,0.0,0.0144407079
TOPIX1000_return,2022-07-11,0.0143278654,0.00065430644,0.0,0.0028063476
TOPIX1000_return,2022-07-12,-0.0164041138,0.000103454644,0.0,0.0143278654
TOPIX1000_return,2022-07-13,0.0028518967,0.0008847128,0.0,-0.0164041138
TOPIX1000_return,2022-07-14,0.0022944683,-0.0016510685,0.0,0.0028518967
TOPIX1000_return,2022-07-15,-0.000256482,-0.00076339004,0.0,0.0022944683
TOPIX1000_return,2022-07-19,0.0054816638,-7.7054356e-05,0.0,-0.000256482
TOPIX1000_return,2022-07-20,0.0231872954,0.0008039701,0.0,0.0054816638
TOPIX1000_return,2022-07-21,0.0019725654,0.0023725135,0.0,0.0231872954
TOPIX1000_return,2022-07-22,0.0027870428,-0.0010367234,0.0,0.0019725654
TOPIX1000_return,2022-07-25,-0.0066192161,0.0011745265,0.0,0.0027870428
TOPIX1000_return,2022-07-26,-0.000185514,0.00043085212,0.0,-0.0066192161
TOPIX1000_return,2022-07-27,0.0014692027,0.0016236214,0.0,-0.000185514
TOPIX1000_return,2022-07-28,0.0014595606,-0.00031446782,0.0,0.0014692027
TOPIX1000_return,2022-07-29,-0.0042702826,-0.0002056238,0.0,0.0014595606
TOPIX1000_return,2022-08-01,0.0101507631,-0.00072658405,0.0,-0.0042702826
TOPIX1000_return,2022-08-02,-0.0177814349,0.00023059,0.0,0.0101507631
TOPIX1000_return,2022-08-03,0.0029427321,-0.0021964174,0.0,-0.0177814349
TOPIX1000_return,2022-08-04,-8.39065e-05,-0.0029823573,0.0,0.0029427321
TOPIX1000_return,2022-08-05,0.0084942822,0.00069960835,0.0,-8.39065e-05
TOPIX1000_return,2022-08-08,0.0022483959,0.000114932795,0.0,0.0084942822
TOPIX1000_return,2022-08-09,-0.0074688292,0.0012623058,0.0,0.0022483959
TOPIX1000_return,2022-08-10,-0.0016524219,0.00031822367,0.0,-0.0074688292
TOPIX1000_return,2022-08-12,0.0205539131,-0.00051420653,0.0,-0.0016524219
TOPIX1000_return,2022-08-15,0.0061777327,0.002437909,0.0,0.0205539131
TOPIX1000_return,2022-08-16,-0.0015747739,-0.0007799885,0.0,0.0061777327
TOPIX1000_return,2022-08-17,0.0127331461,0.00019623844,0.0,-0.0015747739
TOPIX1000_return,2022-08-18,-0.0083259304,0.0027393203,0.0,0.0127331461
TOPIX1000_return,2022-08-19,0.0020029268,0.0010602195,0.0,-0.0083259304
TOPIX1000_return,2022-08-22,-0.0009109147,-0.00020381159,0.0,0.0020029268
TOPIX1000_return,2022-08-23,-0.0107601072,-0.00030122767,0.0,-0.0009109147
TOPIX1000_return,2022-08-24,-0.0023059845,0.00032898207,0.0,-0.0107601072
TOPIX1000_return,2022-08-25,0.00472361,0.0010558907,0.0,-0.0023059845
TOPIX1000_return,2022-08-26,0.0015039142,-0.00013966752,0.0,0.00472361
TOPIX1000_return,2022-08-29,-0.0180639898,-5.4040855e-05,0.0,0.0015039142
TOPIX1000_return,2022-08-30,0.0127487381,-0.001968678,0.0,-0.0180639898
TOPIX1000_return,2022-08-31,-0.002549084,-0.004297647,0.0,0.0127487381
TOPIX1000_return,2022-09-01,-0.0140892723,-0.00054947595,0.0,-0.002549084
TOPIX1000_return,2022-09-02,-0.0027365844,-0.0010370348,0.0,-0.0140892723
TOPIX1000_return,2022-09-05,-0.0006440438,0.002218505,0.0,-0.0027365844
TOPIX1000_return,2022-09-06,-0.0012164976,-0.00053394405,0.0,-0.0006440438
TOPIX1000_return,2022-09-07,-0.0055555723,-0.00026835507,0.0,-0.0012164976
TOPIX1000_return,2022-09-08,0.0220775132,-0.00076119154,0.0,-0.0055555723
TOPIX1000_return,2022-09-09,0.0039745526,-7.048203e-05,0.0,0.0220775132
TOPIX1000_return,2022-09-12,0.0074910008,-0.0009338133,0.0,0.0039745526
TOPIX1000_return,2022-09-13,0.0032756186,0.0011326716,0.0,0.0074910008
TOPIX1000_return,2022-09-14,-0.0198897978,0.001163621,0.0,0.0032756186
TOPIX1000_return,2022-09-15,0.001548543,0.0012467282,0.0,-0.0198897978
TOPIX1000_return,2022-09-16,-0.0059470161,-0.0043299547,0.0,0.001548543
TOPIX1000_return,2022-09-20,0.0044006783,-0.0003586504,0.0,-0.0059470161
TOPIX1000_return,2022-09-21,-0.01377862,0.00033009576,0.0,0.0044006783
TOPIX1000_return,2022-09-22,-0.0024280953,0.007624989,0.0,-0.01377862
TOPIX1000_return,2022-09-26,-0.0272539494,-0.0016709634,0.0,-0.0024280953
TOPIX1000_return,2022-09-27,0.0047597057,-0.0013763345,0.0,-0.0272539494
TOPIX1000_return,2022-09-28,-0.0098042285,0.00052640366,0.0,0.0047597057
TOPIX1000_return,2022-09-29,0.0179897402,-0.003632382,0.0,-0.0098042285
TOPIX1000_return,2022-09-30,-0.0177147322,-0.0021243608,0.0,0.0179897402
TOPIX1000_return,2022-10-03,0.0065734141,0.0029383795,0.0,-0.0177147322
TOPIX1000_return,2022-10-04,0.0321952591,-0.000931934,0.0,0.0065734141
TOPIX1000_return,2022-10-05,0.0032760344,0.00368708,0.0,0.0321952591
TOPIX1000_return,2022-10-06,0.004844725,0.0011536708,0.0,0.0032760344
TOPIX1000_return,2022-10-07,-0.0082830931,0.0010606778,0.0,0.004844725
TOPIX1000_return,2022-10-11,-0.0185604516,0.0004932787,0.0,-0.0082830931
TOPIX1000_return,2022-10-12,-0.0011985477,-0.009321961,0.0,-0.0185604516
TOPIX1000_return,2022-10-13,-0.007589275,-0.0021371618,0.0,-0.0011985477
TOPIX1000_return,2022-10-14,0.0235661279,0.0035764356,0.0,-0.007589275
TOPIX1000_return,2022-10-17,-0.0099067241,0.002816084,0.0,0.0235661279
TOPIX1000_return,2022-10-18,0.0115940345,0.0024501185,0.0,-0.0099067241
TOPIX1000_return,2022-10-19,0.0018227561,-0.00450169,0.0,0.0115940345
TOPIX1000_return,2022-10-20,-0.0051257363,0.00042519666,0.0,0.0018227561
TOPIX1000_return,2022-10-21,-0.0070885743,-0.00036070548,0.0,-0.0051257363
TOPIX1000_return,2022-10-24,0.0028014997,0.00021939249,0.0,-0.0070885743
TOPIX1000_return,2022-10-25,0.0106846425,-0.0019063193,0.0,0.0028014997
TOPIX1000_return,2022-10-26,0.0058069453,0.00013206538,0.0,0.0106846425
TOPIX1000_return,2022-10-27,-0.0065743774,0.00075578305,0.0,0.0058069453
TOPIX1000_return,2022-10-28,-0.0033585389,-0.0005212661,0.0,-0.0065743774
TOPIX1000_return,2022-10-31,0.016144166,0.0001362639,0.0,-0.0033585389
TOPIX1000_return,2022-11-01,0.0048406886,0.0018758066,0.0,0.016144166
TOPIX1000_return,2022-11-02,0.0011864604,0.00021083906,0.0,0.0048406886
TOPIX1000_return,2022-11-04,-0.0130059705,-9.669828e-05,0.0,0.0011864604
TOPIX1000_return,2022-11-07,0.0098336103,-0.0009883384,0.0,-0.0130059705
TOPIX1000_return,2022-11-08,0.0122438536,0.00043319084,0.0,0.0098336103
TOPIX1000_return,2022-11-09,-0.0042710579,0.00049561163,0.0,0.0122438536
TOPIX1000_return,2022-11-10,-0.0066412564,0.00013896516,0.0,-0.0042710579
TOPIX1000_return,2022-11-11,0.0216053094,-0.00012791883,0.0,-0.0066412564
TOPIX1000_return,2022-11-14,-0.0105244978,0.0011617716,0.0,0.0216053094
TOPIX1000_return,2022-11-15,0.0037400921,-0.0013973161,0.0,-0.0105244978
TOPIX1000_return,2022-11-16,-0.0005593253,5.7666002e-05,0.0,0.0037400921
TOPIX1000_return,2022-11-17,0.0014156428,6.7072455e-05,0.0,-0.0005593253
TOPIX1000_return,2022-11-18,0.0003071605,0.0016193198,0.0,0.0014156428
TOPIX1000_return,2022-11-21,0.0027266741,-6.0352493e-05,0.0,0.0003071605
TOPIX1000_return,2022-11-22,0.0112566542,0.00024433626,0.0,0.0027266741
TOPIX1000_return,2022-11-24,0.0120217599,2.6552658e-05,0.0,0.0112566542
TOPIX1000_return,2022-11-25,-0.0005407685,0.0018756249,0.0,0.0120217599
TOPIX1000_return,2022-11-28,-0.0068498336,0.00084735145,0.0,-0.0005407685
TOPIX1000_return,2022-11-29,-0.0056041388,-2.1910615e-05,0.0,-0.0068498336
TOPIX1000_return,2022-11-30,-0.0032908313,-0.001090481,0.0,-0.0056041388
TOPIX1000_return,2022-12-01,0.0005716589,1.4735499e-05,0.0,-0.0032908313
TOPIX1000_return,2022-12-02,-0.0164148532,-0.00047778635,0.0,0.0005716589
TOPIX1000_return,2022-12-05,-0.0030867132,0.001921247,0.0,-0.0164148532
TOPIX1000_return,2022-12-06,0.0013670233,-0.0033042373,0.0,-0.0030867132
TOPIX1000_return,2022-12-07,-0.0011227485,-0.00012859484,0.0,0.0013670233
TOPIX1000_return,2022-12-08,-0.003495183,-0.0002672128,0.0,-0.0011227485
TOPIX1000_return,2022-12-09,0.0104098346,0.00044053682,0.0,-0.003495183
TOPIX1000_return,2022-12-12,-0.002269639,0.0008606782,0.0,0.0104098346
TOPIX1000_return,2022-12-13,0.0043079952,0.00017938224,0.0,-0.002269639
TOPIX1000_return,2022-12-14,0.0059403235,0.0002661976,0.0,0.0043079952
TOPIX1000_return,2022-12-15,-0.0018874221,-0.00027615472,0.0,0.0059403235
TOPIX1000_return,2022-12-16,-0.0120538846,-9.9580044e-05,0.0,-0.0018874221
TOPIX1000_return,2022-12-19,-0.0077870679,-0.001473098,0.0,-0.0120538846
TOPIX1000_return,2022-12-20,-0.015391578,0.0009350948,0.0,-0.0077870679
TOPIX1000_return,2022-12-21,-0.0063285476,0.002956022,0.0,-0.015391578
TOPIX1000_return,2022-12-22,0.0077948219,-0.0012976964,0.0,-0.0063285476
TOPIX1000_return,2022-12-23,-0.0053965643,0.0028937203,0.0,0.0077948219
TOPIX1000_return,2022-12-26,0.0023850497,-0.0028558387,0.0,-0.0053965643
TOPIX1000_return,2022-12-27,0.0038674642,-0.00014223078,0.0,0.0023850497
TOPIX1000_return,2022-12-28,-0.0005677921,1.5507954e-05,0.0,0.0038674642
TOPIX1000_return,2022-12-29,-0.0058870024,-0.0019399566,0.0,-0.0005677921
TOPIX1000_return,2022-12-30,-0.0019752077,-0.0019822847,0.0,-0.0058870024
TOPIX1000_return,2023-01-04,-0.0123592292,-0.00056703296,0.0,-0.0019752077
TOPIX1000_return,2023-01-05,0.0006265078,-0.0012025032,0.0,-0.0123592292
TOPIX1000_return,2023-01-06,0.0036475381,-0.0005132564,0.0,0.0006265078
TOPIX1000_return,2023-01-10,0.0026966815,0.0007881273,0.0,0.0036475381
TOPIX1000_return,2023-01-11,0.0108234058,-0.0002690287,0.0,0.0026966815
TOPIX1000_return,2023-01-12,0.0038342151,0.0007531529,0.0,0.0108234058
TOPIX1000_return,2023-01-13,-0.0027304023,0.00052143115,0.0,0.0038342151
TOPIX1000_return,2023-01-16,-0.0088552681,-0.00030855444,0.0,-0.0027304023
TOPIX1000_return,2023-01-17,0.0088264707,-0.00048248656,0.0,-0.0088552681
TOPIX1000_return,2023-01-18,0.01704789,0.00092993636,0.0,0.0088264707
TOPIX1000_return,2023-01-19,-0.0101833929,0.001801775,0.0,0.01704789
TOPIX1000_return,2023-01-20,0.0057928238,0.0003856383,0.0,-0.0101833929
TOPIX1000_return,2023-01-23,0.0095387525,-0.00030827028,0.0,0.0057928238
TOPIX1000_return,2023-01-24,0.0143018698,0.0013188573,0.0,0.0095387525
TOPIX1000_return,2023-01-25,0.0039522845,0.001993276,0.0,0.0143018698
TOPIX1000_return,2023-01-26,-0.0011116859,0.0012862346,0.0,0.0039522845
TOPIX1000_return,2023-01-27,0.0021927891,0.00095998973,0.0,-0.0011116859
TOPIX1000_return,2023-01-30,-0.0001795839,0.0007844326,0.0,0.0021927891
TOPIX1000_return,2023-01-31,-0.0038819444,0.0011575496,0.0,-0.0001795839
TOPIX1000_return,2023-02-01,-0.0016154483,-0.00014159437,0.0,-0.0038819444
TOPIX1000_return,2023-02-02,-0.0035643147,-0.000558849,0.0,-0.0016154483
TOPIX1000_return,2023-02-03,0.0028298545,-0.0008688643,0.0,-0.0035643147
TOPIX1000_return,2023-02-06,0.0045590989,-0.00031603506,0.0,0.0028298545
TOPIX1000_return,2023-02-07,0.0021333627,2.52348e-05,0.0,0.0045590989
TOPIX1000_return,2023-02-08,0.0001795391,0.00049748865,0.0,0.0021333627
TOPIX1000_return,2023-02-09,0.0004432722,-0.00021143982,0.0,0.0001795391
TOPIX1000_return,2023-02-10,0.0010729391,0.00025349023,0.0,0.0004432722
TOPIX1000_return,2023-02-13,-0.004674743,0.00028939318,0.0,0.0010729391
TOPIX1000_return,2023-02-14,0.0077469072,-0.0011766127,0.0,-0.004674743
TOPIX1000_return,2023-02-15,-0.0026256501,0.00049974164,0.0,0.0077469072
TOPIX1000_return,2023-02-16,0.0066911888,0.00015486001,0.0,-0.0026256501
TOPIX1000_return,2023-02-17,-0.0045546338,0.00077143195,0.0,0.0066911888
TOPIX1000_return,2023-02-20,0.0038274893,-0.0003048433,0.0,-0.0045546338
TOPIX1000_return,2023-02-21,-0.0012903871,0.0008160552,0.0,0.0038274893
TOPIX1000_return,2023-02-22,-0.0113078137,-0.00020353089,0.0,-0.0012903871
TOPIX1000_return,2023-02-24,0.0065928356,0.00028324174,0.0,-0.0113078137
TOPIX1000_return,2023-02-27,0.0023002911,0.0022554018,0.0,0.0065928356
TOPIX1000_return,2023-02-28,0.0003137075,0.0006649047,0.0,0.0023002911
